{"auroc": 0.5311741768912178, "f1score": 0.23218880122044183, "normalized_confusion_matrix": [[0.20265554515277895, 0.001044620205939412, 0.0017688065757985641, 0.0022595756406723617, 0.11387338425381904], [0.052940675802195934, 0.0013430831219221012, 0.0015607116845281449, 0.0065582805180490495, 0.07265961613787701], [0.0377904502510852, 0.0008953887479480674, 0.0031214233690562898, 0.014935243868834389, 0.10845084214649432], [0.019065452378925866, 0.0005969258319653783, 0.0010404744563520965, 0.030035822540644807, 0.2125195848021935], [0.031236700995829432, 0.0, 0.0009364270107168869, 0.012234775420225958, 0.9926801801801802]], "matthew_corrcoef": 0.1932368081564362}