{"auroc": 0.6005032819537874, "f1score": 0.3548825995375957, "normalized_confusion_matrix": [[0.49399948931823984, 0.020295478286822863, 0.03152637602746852, 0.013833011848994213, 0.06432383470426949], [0.15201293727125711, 0.025817042232502613, 0.06336489439184267, 0.026067787269220172, 0.044800235017626325], [0.10417907907055919, 0.014923145799134457, 0.09926126313599001, 0.07412510333425186, 0.07329612220916569], [0.048940335347689164, 0.005073869571705716, 0.0463011133076683, 0.14218793055938275, 0.17762191539365452], [0.08179419525065963, 0.005820026861662438, 0.030798043908022057, 0.07555800496004408, 0.9673545828437132]], "matthew_corrcoef": 0.34708693022545745}