{"auroc": 0.686054611272041, "f1score": 0.5180325837608766, "normalized_confusion_matrix": [[0.7000262674021539, 0.17915742793791575, 0.07860644257703081, 0.0316801398295827, 0.026721014492753624], [0.1383416513440154, 0.5902439024390244, 0.16631652661064425, 0.05964605636880053, 0.022242351046698874], [0.07915243849049995, 0.1547671840354767, 0.5196078431372549, 0.1817784575049159, 0.03735909822866344], [0.03222134664215043, 0.04390243902439024, 0.15546218487394958, 0.5185711164518243, 0.12319847020933977], [0.05025829612118028, 0.031929046563192905, 0.08000700280112044, 0.20832422984487656, 0.7904790660225443]], "matthew_corrcoef": 0.49793699305479505}