{"auroc": 0.6005091256480368, "f1score": 0.3542407767902014, "normalized_confusion_matrix": [[0.49655289811898884, 0.016713923295030592, 0.03267089792945583, 0.014549462661890328, 0.06395661966314141], [0.1539705506851647, 0.0261155051484853, 0.061596087816044115, 0.027280242491044365, 0.04443301997649824], [0.10324282917695123, 0.016564691837039246, 0.09863697846217875, 0.07406999173325986, 0.07338180571876224], [0.05072772150821347, 0.006715415609610506, 0.04536468629695141, 0.1393772389087903, 0.17796464943204074], [0.08690101285215764, 0.005820026861662438, 0.025387576734991157, 0.07368421052631578, 0.9676728358793576]], "matthew_corrcoef": 0.3471927268884373}