{"auroc": 0.6143818829544987, "f1score": 0.3785104812115282, "normalized_confusion_matrix": [[0.5409822112520214, 0.04178480823757648, 0.04474040162314015, 0.009589418572609535, 0.05519242068155111], [0.16503532215507702, 0.05387255633487539, 0.0839662886276142, 0.018076605125378894, 0.03997747747747748], [0.11345646437994723, 0.03999403074168035, 0.1422328581833316, 0.05665472581978506, 0.0687304151978065], [0.05677078900331943, 0.014176988509177734, 0.07782748933513682, 0.14141636814549463, 0.17221161378770075], [0.1118393054728062, 0.012535442471272945, 0.04765373010092602, 0.08228162028106917, 0.9590065609087348]], "matthew_corrcoef": 0.36533263697640894}