{"auroc": 0.6853172579599661, "f1score": 0.4737557966576108, "normalized_confusion_matrix": [[0.3813090475785173, 0.7030293985972242, 0.1349495369888669, 0.04987599889776798, 0.00435761848805327], [0.06928249212698953, 0.4445605133562155, 0.16533139111434814, 0.05334802976026454, 0.00429641598119859], [0.020086815899225466, 0.2883151768392777, 0.34200395380293414, 0.15668228162028106, 0.01607177830003917], [0.004255681334581667, 0.08565885688703179, 0.20143585474976589, 0.32725268669054836, 0.11808411672542107], [0.009022044429313134, 0.11028204745560365, 0.17094995317864947, 0.47842380821162855, 0.8632858401880141]], "matthew_corrcoef": 0.4268499580879216}