{"auroc": 0.7232995384621619, "f1score": 0.5511757628270513, "normalized_confusion_matrix": [[0.637661406025825, 0.22111312764670296, 0.0784313725490196, 0.012812690665039659, 0.014992339680455241], [0.1750358680057389, 0.4452510586811857, 0.185441496860182, 0.02954763357447921, 0.010976143576274897], [0.08070301291248207, 0.24470659407138537, 0.48942714340638216, 0.16002789157151573, 0.022127380170715694], [0.033931133428981346, 0.05414398064125832, 0.15929770601050877, 0.5661117406083849, 0.10675202451302254], [0.07266857962697273, 0.03478523895946763, 0.08740228117390747, 0.2315000435805805, 0.8451521120595317]], "matthew_corrcoef": 0.5518714837994532}